Condition,Word_Recall_Correct,MIST_ResponseTime,MIST_Timeouts,Bio_HR_Mean,Bio_HRV_RMSSD,Bio_HRV_LFHF,Bio_SCL_Mean,Bio_SCR_Freq,Bio_EDA_MeanFreq,Bio_EDA_Power005,Bio_RESP_Rate,NASA_TLX_Score,NASA_Mental,NASA_Frustration,Avatar_Embodiment_Mean,Avatar_Q1_Ownership,Avatar_Q6_Control,Avatar_Q25_HarmConcern
A,6.333333333333333,4.85485,1.1666666666666667,75.69855225939831,36.592814466258936,2.422277147028513,6.286604373389982,38.276053934395776,3.673852614366558,14.114896177214227,18.38855144325831,9.608333333333333,12.0,10.233333333333333,,,,
B,7.166666666666667,4.6356,2.1666666666666665,76.23774870632998,32.44797045962067,0.9571914995348223,6.678377785878726,39.890966468612554,2.7899560026548493,4.6991496863869235,18.08972649210889,9.244444444444445,10.5,6.433333333333333,,,,
C,6.0,4.78975,1.8333333333333333,74.0623929412773,67.92782283166005,0.6530015368994175,5.045421577139328,41.26568375283752,3.700464587940842,1.5353162514501162,18.81405556017798,10.147222222222222,13.066666666666668,10.15,-0.9142857142857143,-2.0,-1.6666666666666667,-0.8333333333333334
D,7.5,4.625416666666667,1.6666666666666667,76.26472017039224,66.53230818401148,0.7632117522133761,5.489808918427779,41.76200222535107,3.6360835397669997,6.572083411518435,19.1638387234464,10.680555555555555,13.700000000000001,8.75,-1.001293297345929,-2.0,-1.8333333333333333,-1.0
