metric,label,n,mean_C,mean_D,diff(D-C),t,p_t,cohens_dz,W,p_wilcoxon
Avatar_Embodiment_Mean,Avatar Embodiment Mean,6,-0.9142857142857143,-1.001293297345929,-0.08700758306021468,-0.3430005527142295,0.7455485241198916,-0.1400293892737443,8.0,0.6875
Avatar_Ownership_Score,Ownership score (rev-coded),6,-1.8055555555555556,-1.7777777777777777,0.027777777777777807,0.22249707974499258,0.8327301029268932,0.09083405243909504,3.0,1.0
Avatar_Agency_Score,Agency score (rev-coded),6,-0.5,-0.5833333333333334,-0.08333333333333333,-0.5,0.638298871640929,-0.2041241452319315,2.0,0.75
Avatar_Touch_Score,Touch score,5,1.2666666666666666,2.1,0.8333333333333334,2.2821773229381925,0.08458320524109575,1.0206207261596576,0.0,0.125
Avatar_Q25_HarmConcern,Harm concern (raw),6,-0.8333333333333334,-1.0,-0.16666666666666666,-0.9999999999999999,0.36321746764912255,-0.408248290463863,0.0,1.0
