metric,label,contrast,x_condition,y_condition,n,df,t,p,mean_diff(A-C),ci95_low,ci95_high,cohens_dz,mean_A,mean_C,sd_diff
Bio_BVP_Mean,BVP均值,A_vs_C,A,C,5,4,-1.423189605,0.2277695564682577,-0.74447205,-2.196833541,0.7078894419136756,-0.636469741,126.834447823464,127.57891987300846,1.1696896209917946
Bio_EDA_Mean,EDA均值,A_vs_C,A,C,5,4,0.10657039291010262,0.9202607598510795,0.09640832219195428,-2.415287534,2.6081041782443815,0.04765972858717022,5.139268967783374,5.0428606455914196,2.022846647471403
Bio_RESP_Mean,RESP均值,A_vs_C,A,C,5,4,-0.343280985,0.7486704811401226,-0.003893366,-0.035382784,0.027596050856677753,-0.153519923,0.017793326565459962,0.02168669299570424,0.025360659028912567
MIST_ResponseTime,算术反应时(s),A_vs_C,A,C,6,5,0.08642663908137733,0.9344815888058156,0.06510000000000023,-1.871165014,2.001365013641877,0.03528352765550959,4.85485,4.78975,1.845053607893278
MIST_Timeouts,算术超时数,A_vs_C,A,C,6,5,-1.195228609,0.285590940645201,-0.666666667,-2.100468711,0.7671353778743276,-0.487950036,1.1666666666666667,1.8333333333333333,1.3662601021279464
NASA_Frustration,NASA挫败感,A_vs_C,A,C,6,5,0.0586969293175925,0.9554671877319488,0.08333333333333319,-3.566178753,3.732845419572714,0.02396292104938534,10.233333333333333,10.15,3.4775949543710043
NASA_Mental,NASA心理需求,A_vs_C,A,C,6,5,-0.634017735,0.5539372791610221,-1.066666667,-5.391394207,3.2580608734233767,-0.258836656,12,13.066666666666665,4.121003114129698
NASA_TLX_Score,NASA-TLX总分(均值),A_vs_C,A,C,6,5,-0.58081958,0.586556590098265,-0.538888889,-2.923894554,1.8461167764599087,-0.237118601,9.608333333333333,10.147222222222222,2.2726554870817894
Word_Recall_Correct,单词记忆记对数量,A_vs_C,A,C,6,5,0.46625240412015684,0.6606421552406503,0.3333333333333333,-1.50442794,2.1710946066413244,0.1903467469067202,6.333333333333333,6,1.7511900715418265
